{
  "config": {
    "seed": 0,
    "T": 350,
    "dt": 0.1,
    "v": 0.85,
    "w": 0.22,
    "x0_true": [
      2.0,
      2.0,
      0.2
    ],
    "x0_est": [
      1.0,
      1.0,
      0.0
    ],
    "P0_diag": [
      2.25,
      2.25,
      0.122
    ],
    "Q_diag": [
      0.0009,
      0.0009,
      0.0003
    ],
    "sigma_r": 0.18,
    "outlier_prob": 0.06,
    "outlier_sigma": 1.2,
    "anchors": [
      [
        0.0,
        0.0
      ],
      [
        10.0,
        0.0
      ],
      [
        10.0,
        8.0
      ],
      [
        0.0,
        8.0
      ],
      [
        5.0,
        4.0
      ]
    ],
    "heuristic_T_win": 15,
    "heuristic_beta": 2.0,
    "heuristic_eps": 0.001,
    "gsp_T_win": 20,
    "gsp_learn_every": 10,
    "gsp_alpha": 0.01,
    "gsp_mu": 0.2,
    "gsp_gamma": 1.0,
    "anchor_noise_sigma": 0.05
  },
  "metrics": {
    "rmse_A": 0.08855967162274445,
    "rmse_B": 0.08261162240663684,
    "rmse_C": 0.08161203950604663,
    "improvement_B_over_A": 0.005948049216107601,
    "improvement_C_over_A": 0.006947632116697813
  },
  "cvxpy_available": true
}